name,formula,g/gDW
C14:0 chain,C14H28O2,0.000451109
C16:0 chain,C16H32O2,0.00808584
C16:1 chain,C16H30O2,0.02373021
C18:0 chain,C18H36O2,0.002266316
C18:1 chain,C18H34O2,0.008706639
C24:0 chain,C24H48O2,0
C26:0 chain,C26H52O2,0